index,Bacteria;;;,Bacteria;Omnitrophota;Koll11;GIF10,Bacteria;Acidobacteriota;Mor1;Gp22-AA2,Bacteria;Proteobacteria;Gammaproteobacteria;,Bacteria;Proteobacteria;Gammaproteobacteria;Burkholderiales,Bacteria;Bacteroidota;Bacteroidia;Chitinophagales,Bacteria;Nitrospirota;Nitrospiria;Nitrospirales,Bacteria;Methylomirabilota;Methylomirabilia;Rokubacteriales,Bacteria;Gemmatimonadota;Gemmatimonadetes;Gemmatimonadales,Bacteria;Patescibacteria;ABY1;BM507,Bacteria;Desulfobacterota;GWC2-55-46;GWC2-55-46,Bacteria;Omnitrophota;Omnitrophia;Omnitrophales,Bacteria;Desulfobacterota_E;MBNT15;MBNT15,Bacteria;Omnitrophota;Koll11;2-01-FULL-45-10,Bacteria;Patescibacteria;Paceibacteria;UBA10092,Bacteria;Nitrospirota;Thermodesulfovibrionia;Thermodesulfovibrionales,Bacteria;Patescibacteria;Paceibacteria;UBA9983,Bacteria;Patescibacteria;Gracilibacteria;Peribacterales,Bacteria;Proteobacteria;Gammaproteobacteria;Pseudomonadales,Bacteria;Patescibacteria;;,Bacteria;Nitrospirota;Thermodesulfovibrionia;UBA6902,Bacteria;Patescibacteria;ABY1;,Bacteria;Omnitrophota;Koll11;UBA6215,Bacteria;Patescibacteria;ABY1;SG8-24,Bacteria;Proteobacteria;Gammaproteobacteria;Acidiferrobacterales,Bacteria;Firmicutes;Bacilli;,Bacteria;Omnitrophota;Koll11;2-02-FULL-51-18,Bacteria;Margulisbacteria;WOR-1;O2-12-FULL-45-9
2,0.1712707182320442,0.08866442199775533,0.007366482504604052,0.020257826887661142,0.6227778087814921,0.014590347923681257,0.04175580234512094,0.0423572744014733,0.004489337822671156,0.02394106813996317,0.014732965009208104,0.049723756906077346,0.02578268876611418,0.011049723756906077,0.01289134438305709,0.02115073385791618,0.055248618784530384,0.06998158379373849,0.2737875997544506,0.027624309392265192,0.20626151012891344,0.02578268876611418,0.007366482504604052,0.01289134438305709,0.062069435918423024,0.02356902356902357,0.02578268876611418,0.03683241252302026
a,0.1292834890965732,0.0,0.0264797507788162,0.0264797507788162,0.037383177570093455,0.0,0.00778816199376947,0.028037383177570093,0.0,0.020249221183800622,0.010903426791277258,0.03894080996884735,0.012461059190031152,0.006230529595015576,0.014018691588785047,0.02336448598130841,0.05763239875389408,0.07009345794392523,0.13395638629283488,0.014018691588785047,0.19158878504672897,0.029595015576323987,0.010903426791277258,0.009345794392523364,0.04672897196261682,0.0,0.014018691588785047,0.040498442367601244
