index,Bacteria;,Bacteria;Omnitrophota,Bacteria;Acidobacteriota,Bacteria;Proteobacteria,Bacteria;Bacteroidota,Bacteria;Nitrospirota,Bacteria;Methylomirabilota,Bacteria;Gemmatimonadota,Bacteria;Patescibacteria,Bacteria;Desulfobacterota,Bacteria;Desulfobacterota_E,Bacteria;Firmicutes,Bacteria;Margulisbacteria
2,0.1712707182320442,0.18258707393145698,0.007366482504604052,0.978892671342027,0.014590347923681257,0.2691680463319506,0.0423572744014733,0.004489337822671156,0.2283609576427256,0.014732965009208104,0.02578268876611418,0.02356902356902357,0.03683241252302026
a,0.1292834890965732,0.07009345794392523,0.0264797507788162,0.24454828660436137,0.0,0.22274143302180685,0.028037383177570093,0.0,0.21495327102803738,0.010903426791277258,0.012461059190031152,0.0,0.040498442367601244
