Group 1,Group 2,H,p-value,q-value
2 (n=2),a (n=1),1.5,0.22067136191984324,0.22067136191984324
