Group 1,Group 2,H,p-value,q-value
a (n=2),b (n=2),2.3999999999999986,0.12133525035848367,0.12133525035848367
