Df	SumsOfSqs	MeanSqs	F.Model	R2	Pr(>F)
mix8	1	0.695905026762543	0.695905026762543	123.00633119307	0.984000810351669	0.333333333333333
Residuals	2	0.0113149464749137	0.00565747323745683	NA	0.015999189648331	NA
Total	3	0.707219973237457	NA	NA	1	NA
