Df	SumsOfSqs	MeanSqs	F.Model	R2	Pr(>F)
treatment1	1	0.136416642747687	0.136416642747687	76.0445477430906	0.974373610228563	0.333333333333333
Residuals	2	0.00358780864102335	0.00179390432051168	NA	0.0256263897714375	NA
Total	3	0.14000445138871	NA	NA	1	NA
