Df	SumsOfSqs	MeanSqs	F.Model	R2	Pr(>F)
mix8	1	0.611624205136365	0.611624205136365	154.017659246987	0.987180938301133	0.333333333333333
Residuals	2	0.00794226075278222	0.00397113037639111	NA	0.0128190616988674	NA
Total	3	0.619566465889147	NA	NA	1	NA
