Group 1,Group 2,H,p-value,q-value
2 (n=2),a (n=2),2.3999999999999986,0.12133525035848367,0.12133525035848367
