Group 1,Group 2,H,p-value,q-value
a (n=2),b (n=2),2.666666666666665,0.10247043485974916,0.10247043485974916
