Df	SumsOfSqs	MeanSqs	F.Model	R2	Pr(>F)
mix8	1	0.716355660015805	0.716355660015805	28.2073651175213	0.933790981364345	0.333333333333333
Residuals	2	0.050792100363237	0.0253960501816185	NA	0.066209018635655	NA
Total	3	0.767147760379042	NA	NA	1	NA
